id;street_address;postal_code;city;state_province
1;Internal;Investment Account archive Fantastic Plastic Chicken;New Monte;withdrawal COM
2;embrace Developer;synthesize Idaho compress;North Joyce;partnerships Grocery Intelligent
3;Dynamic;knowledge base Buckinghamshire;Connellyberg;relationships override
4;Brand;neutral Salad;Muellerfort;deposit
5;Squares mint green e-business;Ghana back-end National;Port Bernice;Profit-focused
6;Jewelery cutting-edge;Games;Kadenbury;magenta Concrete
7;User-centric Gloves;Mauritania;Guidoborough;Engineer
8;Exclusive Moroccan Dirham card;zero tolerance;East Leonardshire;paradigms Home
9;Investor Public-key;Lebanon;Port Kattie;Credit Card Account
10;navigate;Re-contextualized;Hilllview;Orchestrator deliver
